지점명,날짜,기온,강수량,강우유무,습도
941,2019-09-02 00:01,21.6,0,0,0
941,2019-09-02 00:02,21.6,0,0,0
941,2019-09-02 00:03,21.6,0,0,0
941,2019-09-02 00:04,21.6,0,0,0
941,2019-09-02 00:05,21.6,0,0,0
941,2019-09-02 00:06,21.6,0,0,0
941,2019-09-02 00:07,21.7,0,0,0
941,2019-09-02 00:08,21.7,0,0,0
941,2019-09-02 00:09,21.7,0,0,0
941,2019-09-02 00:10,21.7,0,0,0
941,2019-09-02 00:11,21.6,0,0,0
941,2019-09-02 00:12,21.6,0,0,0
941,2019-09-02 00:13,21.6,0,0,0
941,2019-09-02 00:14,21.6,0,0,0
941,2019-09-02 00:15,21.6,0,0,0
941,2019-09-02 00:16,21.6,0,0,0
941,2019-09-02 00:17,21.6,0,0,0
941,2019-09-02 00:18,21.6,0,0,0
941,2019-09-02 00:19,21.5,0,0,0
941,2019-09-02 00:20,21.6,0,0,0
941,2019-09-02 00:21,21.6,0,0,0
941,2019-09-02 00:22,21.6,0,0,0
941,2019-09-02 00:23,21.7,0,0,0
941,2019-09-02 00:24,21.7,0,0,0
941,2019-09-02 00:25,21.6,0,0,0
941,2019-09-02 00:26,21.6,0,0,0
941,2019-09-02 00:27,21.6,0,0,0
941,2019-09-02 00:28,21.6,0,0,0
941,2019-09-02 00:29,21.6,0,0,0
941,2019-09-02 00:30,21.6,0,0,0
941,2019-09-02 00:31,21.6,0,0,0
941,2019-09-02 00:32,21.6,0,0,0
941,2019-09-02 00:33,21.6,0,0,0
941,2019-09-02 00:34,21.6,0,0,0
941,2019-09-02 00:35,21.6,0,0,0
941,2019-09-02 00:36,21.7,0,0,0
941,2019-09-02 00:37,21.7,0,0,0
941,2019-09-02 00:38,21.6,0,0,0
941,2019-09-02 00:39,21.6,0,0,0
941,2019-09-02 00:40,21.6,0,0,0
941,2019-09-02 00:41,21.6,0,0,0
941,2019-09-02 00:42,21.6,0,0,0
941,2019-09-02 00:43,21.6,0,0,0
941,2019-09-02 00:44,21.6,0,0,0
941,2019-09-02 00:45,21.6,0,0,0
941,2019-09-02 00:46,21.6,0,0,0
941,2019-09-02 00:47,21.6,0,0,0
941,2019-09-02 00:48,21.6,0,0,0
941,2019-09-02 00:49,21.6,0,0,0
941,2019-09-02 00:50,21.6,0,0,0
941,2019-09-02 00:51,21.6,0,0,0
941,2019-09-02 00:52,21.6,0,0,0
941,2019-09-02 00:53,21.6,0,0,0
941,2019-09-02 00:54,21.6,0,0,0
941,2019-09-02 00:55,21.7,0,0,0
941,2019-09-02 00:56,21.6,0,0,0
941,2019-09-02 00:57,21.6,0,0,0
941,2019-09-02 00:58,21.6,0,0,0
941,2019-09-02 00:59,21.6,0,0,0
941,2019-09-02 01:00,21.6,0,0,0
941,2019-09-02 01:01,21.6,0,0,0
941,2019-09-02 01:02,21.6,0,0,0
941,2019-09-02 01:03,21.6,0,0,0
941,2019-09-02 01:04,21.6,0,0,0
941,2019-09-02 01:05,21.6,0,0,0
941,2019-09-02 01:06,21.6,0,0,0
941,2019-09-02 01:07,21.6,0,0,0
941,2019-09-02 01:08,21.6,0,0,0
941,2019-09-02 01:09,21.6,0,0,0
941,2019-09-02 01:10,21.6,0,0,0
941,2019-09-02 01:11,21.6,0,0,0
941,2019-09-02 01:12,21.7,0,0,0
941,2019-09-02 01:13,21.7,0,0,0
941,2019-09-02 01:14,21.8,0,10,0
941,2019-09-02 01:15,21.8,0,0,0
941,2019-09-02 01:16,21.8,0,10,0
941,2019-09-02 01:17,21.8,0,10,0
941,2019-09-02 01:18,21.7,0,0,0
941,2019-09-02 01:19,21.7,0,0,0
941,2019-09-02 01:20,21.7,0,0,0
941,2019-09-02 01:21,21.7,0,0,0
941,2019-09-02 01:22,21.7,0,0,0
941,2019-09-02 01:23,21.8,0,0,0
941,2019-09-02 01:24,21.9,0,10,0
941,2019-09-02 01:25,21.9,0,10,0
941,2019-09-02 01:26,21.9,0,10,0
941,2019-09-02 01:27,22,0,10,0
941,2019-09-02 01:28,22,0,10,0
941,2019-09-02 01:29,22,0,10,0
941,2019-09-02 01:30,22,0,10,0
941,2019-09-02 01:31,22,0,10,0
941,2019-09-02 01:32,21.9,0,10,0
941,2019-09-02 01:33,21.9,0,0,0
941,2019-09-02 01:34,21.9,0,0,0
941,2019-09-02 01:35,21.9,0,0,0
941,2019-09-02 01:36,21.9,0,0,0
941,2019-09-02 01:37,21.9,0,0,0
941,2019-09-02 01:38,21.9,0,0,0
941,2019-09-02 01:39,21.8,0,0,0
941,2019-09-02 01:40,21.8,0,0,0
941,2019-09-02 01:41,21.8,0,0,0
941,2019-09-02 01:42,21.8,0,0,0
941,2019-09-02 01:43,21.8,0,0,0
941,2019-09-02 01:44,21.8,0,0,0
941,2019-09-02 01:45,21.8,0,0,0
941,2019-09-02 01:46,21.8,0,0,0
941,2019-09-02 01:47,21.8,0,0,0
941,2019-09-02 01:48,21.8,0,0,0
941,2019-09-02 01:49,21.9,0,0,0
941,2019-09-02 01:50,21.9,0,0,0
941,2019-09-02 01:51,21.9,0,0,0
941,2019-09-02 01:52,21.9,0,0,0
941,2019-09-02 01:53,21.9,0,0,0
941,2019-09-02 01:54,21.8,0.5,0,0
941,2019-09-02 01:55,21.7,0,10,0
941,2019-09-02 01:56,21.8,0,10,0
941,2019-09-02 01:57,21.8,0,10,0
941,2019-09-02 01:58,21.8,0,10,0
941,2019-09-02 01:59,21.9,0,10,0
941,2019-09-02 02:00,22,0,10,0
941,2019-09-02 02:01,21.9,0,10,0
941,2019-09-02 02:02,21.9,0,10,0
941,2019-09-02 02:03,22,0,10,0
941,2019-09-02 02:04,22,0,10,0
941,2019-09-02 02:05,21.9,0,10,0
941,2019-09-02 02:06,21.9,0,10,0
941,2019-09-02 02:07,21.9,0,10,0
941,2019-09-02 02:08,21.9,0,10,0
941,2019-09-02 02:09,21.9,0,10,0
941,2019-09-02 02:10,21.9,0,10,0
941,2019-09-02 02:11,21.7,0,10,0
941,2019-09-02 02:12,21.7,0,0,0
941,2019-09-02 02:13,21.7,0,0,0
941,2019-09-02 02:14,21.7,0,0,0
941,2019-09-02 02:15,21.8,0,10,0
941,2019-09-02 02:16,21.8,0,10,0
941,2019-09-02 02:17,21.8,0,10,0
941,2019-09-02 02:18,21.8,0,10,0
941,2019-09-02 02:19,21.8,0,10,0
941,2019-09-02 02:20,21.9,0,10,0
941,2019-09-02 02:21,21.8,0,10,0
941,2019-09-02 02:22,21.8,0,10,0
941,2019-09-02 02:23,21.6,0,10,0
941,2019-09-02 02:24,21.7,0,0,0
941,2019-09-02 02:25,21.7,0,0,0
941,2019-09-02 02:26,21.7,0,0,0
941,2019-09-02 02:27,21.7,0,0,0
941,2019-09-02 02:28,21.7,0,0,0
941,2019-09-02 02:29,21.7,0,0,0
941,2019-09-02 02:30,21.7,0,0,0
941,2019-09-02 02:31,21.7,0,0,0
941,2019-09-02 02:32,21.7,0,0,0
941,2019-09-02 02:33,21.7,0,0,0
941,2019-09-02 02:34,21.7,0,0,0
941,2019-09-02 02:35,21.7,0,0,0
941,2019-09-02 02:36,21.7,0,0,0
941,2019-09-02 02:37,21.7,0,0,0
941,2019-09-02 02:38,21.7,0,0,0
941,2019-09-02 02:39,21.7,0,0,0
941,2019-09-02 02:40,21.7,0,0,0
941,2019-09-02 02:41,21.7,0,0,0
941,2019-09-02 02:42,21.7,0,0,0
941,2019-09-02 02:43,21.7,0,0,0
941,2019-09-02 02:44,21.7,0,0,0
941,2019-09-02 02:45,21.6,0,0,0
941,2019-09-02 02:46,21.6,0,0,0
941,2019-09-02 02:47,21.6,0,0,0
941,2019-09-02 02:48,21.6,0,0,0
941,2019-09-02 02:49,21.6,0,0,0
941,2019-09-02 02:50,21.6,0,0,0
941,2019-09-02 02:51,21.6,0,0,0
941,2019-09-02 02:52,21.6,0,0,0
941,2019-09-02 02:53,21.6,0,0,0
941,2019-09-02 02:54,21.5,0,0,0
941,2019-09-02 02:55,21.5,0,0,0
941,2019-09-02 02:56,21.6,0,0,0
941,2019-09-02 02:57,21.6,0,0,0
941,2019-09-02 02:58,21.6,0,0,0
941,2019-09-02 02:59,21.6,0,0,0
941,2019-09-02 03:00,21.6,0,0,0
941,2019-09-02 03:01,21.6,0,0,0
941,2019-09-02 03:02,21.6,0,0,0
941,2019-09-02 03:03,21.6,0,0,0
941,2019-09-02 03:04,21.6,0,0,0
941,2019-09-02 03:05,21.6,0,0,0
941,2019-09-02 03:06,21.6,0,0,0
941,2019-09-02 03:07,21.6,0,0,0
941,2019-09-02 03:08,21.6,0,0,0
941,2019-09-02 03:09,21.6,0,0,0
941,2019-09-02 03:10,21.6,0,0,0
941,2019-09-02 03:11,21.6,0,0,0
941,2019-09-02 03:12,21.6,0.5,0,0
941,2019-09-02 03:13,21.6,0,10,0
941,2019-09-02 03:14,21.6,0,10,0
941,2019-09-02 03:15,21.6,0,10,0
941,2019-09-02 03:16,21.6,0,10,0
941,2019-09-02 03:17,21.6,0,10,0
941,2019-09-02 03:18,21.6,0,10,0
941,2019-09-02 03:19,21.6,0,10,0
941,2019-09-02 03:20,21.6,0,10,0
941,2019-09-02 03:21,21.6,0,10,0
941,2019-09-02 03:22,21.6,0,10,0
941,2019-09-02 03:23,21.6,0,10,0
941,2019-09-02 03:24,21.6,0,10,0
941,2019-09-02 03:25,21.6,0,10,0
941,2019-09-02 03:26,21.6,0,10,0
941,2019-09-02 03:27,21.6,0,10,0
941,2019-09-02 03:28,21.6,0,0,0
941,2019-09-02 03:29,21.6,0,0,0
941,2019-09-02 03:30,21.6,0,0,0
941,2019-09-02 03:31,21.6,0,0,0
941,2019-09-02 03:32,21.6,0,0,0
941,2019-09-02 03:33,21.6,0,0,0
941,2019-09-02 03:34,21.6,0,0,0
941,2019-09-02 03:35,21.6,0,0,0
941,2019-09-02 03:36,21.6,0,0,0
941,2019-09-02 03:37,21.6,0,0,0
941,2019-09-02 03:38,21.6,0,0,0
941,2019-09-02 03:39,21.6,0,0,0
941,2019-09-02 03:40,21.6,0,0,0
941,2019-09-02 03:41,21.6,0,0,0
941,2019-09-02 03:42,21.6,0,0,0
941,2019-09-02 03:43,21.6,0,0,0
941,2019-09-02 03:44,21.6,0,0,0
941,2019-09-02 03:45,21.6,0,0,0
941,2019-09-02 03:46,21.7,0,0,0
941,2019-09-02 03:47,21.7,0,0,0
941,2019-09-02 03:48,21.7,0,0,0
941,2019-09-02 03:49,21.7,0,0,0
941,2019-09-02 03:50,21.7,0,0,0
941,2019-09-02 03:51,21.6,0,0,0
941,2019-09-02 03:52,21.6,0,0,0
941,2019-09-02 03:53,21.6,0,0,0
941,2019-09-02 03:54,21.7,0,0,0
941,2019-09-02 03:55,21.7,0,0,0
941,2019-09-02 03:56,21.7,0,0,0
941,2019-09-02 03:57,21.7,0,0,0
941,2019-09-02 03:58,21.7,0,0,0
941,2019-09-02 03:59,21.9,0,10,0
941,2019-09-02 04:00,21.9,0,10,0
941,2019-09-02 04:01,21.8,0,10,0
941,2019-09-02 04:02,21.8,0,10,0
941,2019-09-02 04:03,21.8,0,10,0
941,2019-09-02 04:04,21.8,0,10,0
941,2019-09-02 04:05,21.8,0.5,10,0
941,2019-09-02 04:06,21.8,0,10,0
941,2019-09-02 04:07,21.8,0,10,0
941,2019-09-02 04:08,21.8,0,10,0
941,2019-09-02 04:09,21.7,0,10,0
941,2019-09-02 04:10,21.7,0,10,0
941,2019-09-02 04:11,21.7,0,10,0
941,2019-09-02 04:12,21.7,0,10,0
941,2019-09-02 04:13,21.7,0,10,0
941,2019-09-02 04:14,21.7,0,10,0
941,2019-09-02 04:15,21.7,0,10,0
941,2019-09-02 04:16,21.7,0,10,0
941,2019-09-02 04:17,21.7,0,10,0
941,2019-09-02 04:18,21.7,0,10,0
941,2019-09-02 04:19,21.7,0,10,0
941,2019-09-02 04:20,21.7,0,10,0
941,2019-09-02 04:21,21.7,0,10,0
941,2019-09-02 04:22,21.7,0,10,0
941,2019-09-02 04:23,21.7,0,10,0
941,2019-09-02 04:24,21.7,0,10,0
941,2019-09-02 04:25,21.7,0,10,0
941,2019-09-02 04:26,21.7,0,10,0
941,2019-09-02 04:27,21.7,0,10,0
941,2019-09-02 04:28,21.7,0,10,0
941,2019-09-02 04:29,21.7,0,10,0
941,2019-09-02 04:30,21.7,0,10,0
941,2019-09-02 04:31,21.7,0,10,0
941,2019-09-02 04:32,21.6,0,10,0
941,2019-09-02 04:33,21.6,0,10,0
941,2019-09-02 04:34,21.6,0,10,0
941,2019-09-02 04:35,21.6,0,10,0
941,2019-09-02 04:36,21.6,0,10,0
941,2019-09-02 04:37,21.6,0,10,0
941,2019-09-02 04:38,21.5,0,10,0
941,2019-09-02 04:39,21.5,0,10,0
941,2019-09-02 04:40,21.6,0,10,0
941,2019-09-02 04:41,21.6,0,10,0
941,2019-09-02 04:42,21.6,0,10,0
941,2019-09-02 04:43,21.6,0,10,0
941,2019-09-02 04:44,21.6,0,10,0
941,2019-09-02 04:45,21.6,0,10,0
941,2019-09-02 04:46,21.6,0,10,0
941,2019-09-02 04:47,21.6,0,10,0
941,2019-09-02 04:48,21.5,0,10,0
941,2019-09-02 04:49,21.4,0,0,0
941,2019-09-02 04:50,21.4,0,0,0
941,2019-09-02 04:51,21.4,0,0,0
941,2019-09-02 04:52,21.4,0,0,0
941,2019-09-02 04:53,21.5,0,0,0
941,2019-09-02 04:54,21.5,0,0,0
941,2019-09-02 04:55,21.4,0,0,0
941,2019-09-02 04:56,21.4,0,0,0
941,2019-09-02 04:57,21.4,0,0,0
941,2019-09-02 04:58,21.5,0,0,0
941,2019-09-02 04:59,21.5,0,0,0
941,2019-09-02 05:00,21.5,0,0,0
941,2019-09-02 05:01,21.5,0,0,0
941,2019-09-02 05:02,21.5,0,0,0
941,2019-09-02 05:03,21.5,0,0,0
941,2019-09-02 05:04,21.4,0,0,0
941,2019-09-02 05:05,21.5,0,0,0
941,2019-09-02 05:06,21.5,0,0,0
941,2019-09-02 05:07,21.5,0,0,0
941,2019-09-02 05:08,21.5,0,0,0
941,2019-09-02 05:09,21.5,0,0,0
941,2019-09-02 05:10,21.5,0,0,0
941,2019-09-02 05:11,21.5,0,0,0
941,2019-09-02 05:12,21.4,0,0,0
941,2019-09-02 05:13,21.4,0,0,0
941,2019-09-02 05:14,21.4,0,0,0
941,2019-09-02 05:15,21.4,0,0,0
941,2019-09-02 05:16,21.4,0,0,0
941,2019-09-02 05:17,21.4,0,0,0
941,2019-09-02 05:18,21.4,0,0,0
941,2019-09-02 05:19,21.4,0,0,0
941,2019-09-02 05:20,21.4,0,0,0
941,2019-09-02 05:21,21.4,0,0,0
941,2019-09-02 05:22,21.4,0,0,0
941,2019-09-02 05:23,21.4,0,0,0
941,2019-09-02 05:24,21.4,0,0,0
941,2019-09-02 05:25,21.5,0,0,0
941,2019-09-02 05:26,21.4,0,0,0
941,2019-09-02 05:27,21.4,0,0,0
941,2019-09-02 05:28,21.4,0,0,0
941,2019-09-02 05:29,21.5,0,0,0
941,2019-09-02 05:30,21.5,0,0,0
941,2019-09-02 05:31,21.5,0,0,0
941,2019-09-02 05:32,21.5,0,0,0
941,2019-09-02 05:33,21.5,0,0,0
941,2019-09-02 05:34,21.4,0,0,0
941,2019-09-02 05:35,21.5,0,0,0
941,2019-09-02 05:36,21.5,0,0,0
941,2019-09-02 05:37,21.4,0,0,0
941,2019-09-02 05:38,21.4,0,0,0
941,2019-09-02 05:39,21.4,0,0,0
941,2019-09-02 05:40,21.4,0,0,0
941,2019-09-02 05:41,21.4,0,0,0
941,2019-09-02 05:42,21.4,0,0,0
941,2019-09-02 05:43,21.4,0,0,0
941,2019-09-02 05:44,21.4,0,0,0
941,2019-09-02 05:45,21.4,0,0,0
941,2019-09-02 05:46,21.4,0,0,0
941,2019-09-02 05:47,21.4,0,0,0
941,2019-09-02 05:48,21.4,0,0,0
941,2019-09-02 05:49,21.4,0,0,0
941,2019-09-02 05:50,21.5,0,0,0
941,2019-09-02 05:51,21.6,0,0,0
941,2019-09-02 05:52,21.7,0,10,0
941,2019-09-02 05:53,21.7,0,10,0
941,2019-09-02 05:54,21.8,0,10,0
941,2019-09-02 05:55,21.7,0,10,0
941,2019-09-02 05:56,21.7,0.5,10,0
941,2019-09-02 05:57,21.7,0,10,0
941,2019-09-02 05:58,21.6,0,10,0
941,2019-09-02 05:59,21.6,0,10,0
941,2019-09-02 06:00,21.6,0,10,0
941,2019-09-02 06:01,21.6,0,10,0
941,2019-09-02 06:02,21.6,0,10,0
941,2019-09-02 06:03,21.6,0,10,0
941,2019-09-02 06:04,21.6,0,10,0
941,2019-09-02 06:05,21.6,0,10,0
941,2019-09-02 06:06,21.6,0,10,0
941,2019-09-02 06:07,21.5,0,10,0
941,2019-09-02 06:08,21.5,0,10,0
941,2019-09-02 06:09,21.5,0,10,0
941,2019-09-02 06:10,21.6,0,10,0
941,2019-09-02 06:11,21.6,0,10,0
941,2019-09-02 06:12,21.6,0,0,0
941,2019-09-02 06:13,21.6,0,0,0
941,2019-09-02 06:14,21.5,0,0,0
941,2019-09-02 06:15,21.5,0,0,0
941,2019-09-02 06:16,21.5,0,0,0
941,2019-09-02 06:17,21.5,0,0,0
941,2019-09-02 06:18,21.5,0,0,0
941,2019-09-02 06:19,21.5,0,0,0
941,2019-09-02 06:20,21.5,0,0,0
941,2019-09-02 06:21,21.5,0,0,0
941,2019-09-02 06:22,21.6,0,0,0
941,2019-09-02 06:23,21.5,0,0,0
941,2019-09-02 06:24,21.5,0,0,0
941,2019-09-02 06:25,21.5,0,0,0
941,2019-09-02 06:26,21.5,0,0,0
941,2019-09-02 06:27,21.4,0,0,0
941,2019-09-02 06:28,21.4,0,0,0
941,2019-09-02 06:29,21.4,0,0,0
941,2019-09-02 06:30,21.4,0,0,0
941,2019-09-02 06:31,21.4,0,0,0
941,2019-09-02 06:32,21.4,0,0,0
941,2019-09-02 06:33,21.4,0,0,0
941,2019-09-02 06:34,21.4,0,0,0
941,2019-09-02 06:35,21.4,0,0,0
941,2019-09-02 06:36,21.4,0,0,0
941,2019-09-02 06:37,21.5,0,0,0
941,2019-09-02 06:38,21.5,0,0,0
941,2019-09-02 06:39,21.6,0,0,0
941,2019-09-02 06:40,21.5,0,0,0
941,2019-09-02 06:41,21.6,0,0,0
941,2019-09-02 06:42,21.6,0,0,0
941,2019-09-02 06:43,21.6,0,0,0
941,2019-09-02 06:44,21.6,0,0,0
941,2019-09-02 06:45,21.6,0,0,0
941,2019-09-02 06:46,21.6,0,0,0
941,2019-09-02 06:47,21.7,0,0,0
941,2019-09-02 06:48,21.6,0,0,0
941,2019-09-02 06:49,21.6,0,0,0
941,2019-09-02 06:50,21.7,0,0,0
941,2019-09-02 06:51,21.7,0,0,0
941,2019-09-02 06:52,21.7,0,0,0
941,2019-09-02 06:53,21.7,0,0,0
941,2019-09-02 06:54,21.7,0,0,0
941,2019-09-02 06:55,21.7,0,0,0
941,2019-09-02 06:56,21.7,0,0,0
941,2019-09-02 06:57,21.7,0,0,0
941,2019-09-02 06:58,21.7,0,0,0
941,2019-09-02 06:59,21.7,0,0,0
941,2019-09-02 07:00,21.7,0,0,0
941,2019-09-02 07:01,21.7,0,0,0
941,2019-09-02 07:02,21.7,0,0,0
941,2019-09-02 07:03,21.8,0,0,0
941,2019-09-02 07:04,21.8,0,0,0
941,2019-09-02 07:05,21.7,0,0,0
941,2019-09-02 07:06,21.7,0,0,0
941,2019-09-02 07:07,21.7,0,0,0
941,2019-09-02 07:08,21.8,0,0,0
941,2019-09-02 07:09,21.8,0,0,0
941,2019-09-02 07:10,21.9,0,0,0
941,2019-09-02 07:11,21.8,0,0,0
941,2019-09-02 07:12,21.8,0,0,0
941,2019-09-02 07:13,21.8,0,0,0
941,2019-09-02 07:14,21.8,0,0,0
941,2019-09-02 07:15,21.8,0,0,0
941,2019-09-02 07:16,21.8,0,0,0
941,2019-09-02 07:17,21.8,0,0,0
941,2019-09-02 07:18,21.8,0,0,0
941,2019-09-02 07:19,21.8,0,0,0
941,2019-09-02 07:20,21.8,0,0,0
941,2019-09-02 07:21,21.9,0,0,0
941,2019-09-02 07:22,21.8,0,0,0
941,2019-09-02 07:23,21.8,0,0,0
941,2019-09-02 07:24,21.8,0,0,0
941,2019-09-02 07:25,21.8,0,0,0
941,2019-09-02 07:26,21.8,0,0,0
941,2019-09-02 07:27,21.8,0,0,0
941,2019-09-02 07:28,21.8,0,0,0
941,2019-09-02 07:29,21.9,0,0,0
941,2019-09-02 07:30,22,0,10,0
941,2019-09-02 07:31,22,0,10,0
941,2019-09-02 07:32,22,0,10,0
941,2019-09-02 07:33,21.9,0,10,0
941,2019-09-02 07:34,21.9,0.5,10,0
941,2019-09-02 07:35,21.9,0,10,0
941,2019-09-02 07:36,21.9,0,10,0
941,2019-09-02 07:37,21.9,0,10,0
941,2019-09-02 07:38,21.8,0,10,0
941,2019-09-02 07:39,21.9,0,10,0
941,2019-09-02 07:40,21.9,0,10,0
941,2019-09-02 07:41,21.8,0.5,10,0
941,2019-09-02 07:42,21.8,0,10,0
941,2019-09-02 07:43,21.8,0,10,0
941,2019-09-02 07:44,21.8,0,10,0
941,2019-09-02 07:45,21.7,0,10,0
941,2019-09-02 07:46,21.7,0.5,10,0
941,2019-09-02 07:47,21.6,0,10,0
941,2019-09-02 07:48,21.6,0,10,0
941,2019-09-02 07:49,21.5,0.5,10,0
941,2019-09-02 07:50,21.5,0,10,0
941,2019-09-02 07:51,21.5,0,10,0
941,2019-09-02 07:52,21.6,0,10,0
941,2019-09-02 07:53,21.6,0.5,10,0
941,2019-09-02 07:54,21.6,0,10,0
941,2019-09-02 07:55,21.7,0,10,0
941,2019-09-02 07:56,21.6,0,10,0
941,2019-09-02 07:57,21.6,0,10,0
941,2019-09-02 07:58,21.5,0.5,10,0
941,2019-09-02 07:59,21.5,0,10,0
941,2019-09-02 08:00,21.5,0,10,0
941,2019-09-02 08:01,21.5,0,10,0
941,2019-09-02 08:02,21.5,0,10,0
941,2019-09-02 08:03,21.4,0.5,10,0
941,2019-09-02 08:04,21.4,0,10,0
941,2019-09-02 08:05,21.5,0,10,0
941,2019-09-02 08:06,21.6,0,10,0
941,2019-09-02 08:07,21.6,0,10,0
941,2019-09-02 08:08,21.6,0,10,0
941,2019-09-02 08:09,21.7,0,10,0
941,2019-09-02 08:10,21.6,0,10,0
941,2019-09-02 08:11,21.6,0,10,0
941,2019-09-02 08:12,21.6,0,10,0
941,2019-09-02 08:13,21.7,0,10,0
941,2019-09-02 08:14,21.6,0,10,0
941,2019-09-02 08:15,21.7,0,10,0
941,2019-09-02 08:16,21.7,0,10,0
941,2019-09-02 08:17,21.7,0,10,0
941,2019-09-02 08:18,21.7,0.5,10,0
941,2019-09-02 08:19,21.7,0,10,0
941,2019-09-02 08:20,21.7,0,10,0
941,2019-09-02 08:21,21.7,0,10,0
941,2019-09-02 08:22,21.7,0,10,0
941,2019-09-02 08:23,21.8,0,10,0
941,2019-09-02 08:24,21.7,0,10,0
941,2019-09-02 08:25,21.7,0,10,0
941,2019-09-02 08:26,21.6,0,10,0
941,2019-09-02 08:27,21.6,0,10,0
941,2019-09-02 08:28,21.7,0,10,0
941,2019-09-02 08:29,21.7,0,10,0
941,2019-09-02 08:30,21.8,0,10,0
941,2019-09-02 08:31,21.8,0,10,0
941,2019-09-02 08:32,21.9,0,10,0
941,2019-09-02 08:33,21.8,0,10,0
941,2019-09-02 08:34,21.8,0,10,0
941,2019-09-02 08:35,21.8,0,10,0
941,2019-09-02 08:36,21.8,0,10,0
941,2019-09-02 08:37,21.8,0.5,10,0
941,2019-09-02 08:38,21.8,0,10,0
941,2019-09-02 08:39,21.7,0,10,0
941,2019-09-02 08:40,21.7,0.5,10,0
941,2019-09-02 08:41,21.6,0,10,0
941,2019-09-02 08:42,21.6,0,10,0
941,2019-09-02 08:43,21.5,0.5,10,0
941,2019-09-02 08:44,21.4,0.5,10,0
941,2019-09-02 08:45,21.4,0,10,0
941,2019-09-02 08:46,21.4,0.5,10,0
941,2019-09-02 08:47,21.5,0,10,0
941,2019-09-02 08:48,21.4,0,10,0
941,2019-09-02 08:49,21.5,0.5,10,0
941,2019-09-02 08:50,21.6,0,10,0
941,2019-09-02 08:51,21.6,0.5,10,0
941,2019-09-02 08:52,21.5,0,10,0
941,2019-09-02 08:53,21.5,0,10,0
941,2019-09-02 08:54,21.5,0,10,0
941,2019-09-02 08:55,21.5,0,10,0
941,2019-09-02 08:56,21.5,0.5,10,0
941,2019-09-02 08:57,21.5,0,10,0
941,2019-09-02 08:58,21.5,0.5,10,0
941,2019-09-02 08:59,21.4,0,10,0
941,2019-09-02 09:00,21.4,0,10,0
941,2019-09-02 09:01,21.4,0.5,10,0
941,2019-09-02 09:02,21.4,0,10,0
941,2019-09-02 09:03,21.4,0.5,10,0
941,2019-09-02 09:04,21.4,0,10,0
941,2019-09-02 09:05,21.5,0,10,0
941,2019-09-02 09:06,21.4,0,10,0
941,2019-09-02 09:07,21.5,0,10,0
941,2019-09-02 09:08,21.5,0,10,0
941,2019-09-02 09:09,21.4,0,10,0
941,2019-09-02 09:10,21.4,0,10,0
941,2019-09-02 09:11,21.4,0.5,10,0
941,2019-09-02 09:12,21.4,0,10,0
941,2019-09-02 09:13,21.4,0,10,0
941,2019-09-02 09:14,21.5,0,10,0
941,2019-09-02 09:15,21.4,0,10,0
941,2019-09-02 09:16,21.4,0,10,0
941,2019-09-02 09:17,21.4,0,10,0
941,2019-09-02 09:18,21.4,0,10,0
941,2019-09-02 09:19,21.3,0,10,0
941,2019-09-02 09:20,21.3,0,10,0
941,2019-09-02 09:21,21.3,0,10,0
941,2019-09-02 09:22,21.2,0,10,0
941,2019-09-02 09:23,21.3,0,10,0
941,2019-09-02 09:24,21.3,0,10,0
941,2019-09-02 09:25,21.2,0,10,0
941,2019-09-02 09:26,21.2,0,10,0
941,2019-09-02 09:27,21.2,0,10,0
941,2019-09-02 09:28,21.2,0,10,0
941,2019-09-02 09:29,21.1,0,10,0
941,2019-09-02 09:30,21.2,0,10,0
941,2019-09-02 09:31,21.2,0,10,0
941,2019-09-02 09:32,21.3,0,10,0
941,2019-09-02 09:33,21.3,0,10,0
941,2019-09-02 09:34,21.2,0,10,0
941,2019-09-02 09:35,21.2,0,10,0
941,2019-09-02 09:36,21.3,0,10,0
941,2019-09-02 09:37,21.3,0,10,0
941,2019-09-02 09:38,21.3,0.5,10,0
941,2019-09-02 09:39,21.4,0,10,0
941,2019-09-02 09:40,21.4,0,10,0
941,2019-09-02 09:41,21.4,0,10,0
941,2019-09-02 09:42,21.5,0,10,0
941,2019-09-02 09:43,21.5,0,10,0
941,2019-09-02 09:44,21.6,0,10,0
941,2019-09-02 09:45,21.6,0,10,0
941,2019-09-02 09:46,21.7,0,10,0
941,2019-09-02 09:47,21.7,0,10,0
941,2019-09-02 09:48,21.7,0,10,0
941,2019-09-02 09:49,21.7,0,10,0
941,2019-09-02 09:50,21.7,0,10,0
941,2019-09-02 09:51,21.7,0,10,0
941,2019-09-02 09:52,21.7,0,10,0
941,2019-09-02 09:53,21.8,0.5,10,0
941,2019-09-02 09:54,21.7,0,10,0
941,2019-09-02 09:55,21.7,0,10,0
941,2019-09-02 09:56,21.7,0,10,0
941,2019-09-02 09:57,21.8,0,10,0
941,2019-09-02 09:58,21.7,0,10,0
941,2019-09-02 09:59,21.7,0,10,0
941,2019-09-02 10:00,21.6,0,10,0
941,2019-09-02 10:01,21.6,0,10,0
941,2019-09-02 10:02,21.7,0,10,0
941,2019-09-02 10:03,21.7,0,10,0
941,2019-09-02 10:04,21.7,0,10,0
941,2019-09-02 10:05,21.7,0,10,0
941,2019-09-02 10:06,21.6,0.5,10,0
941,2019-09-02 10:07,21.6,0,10,0
941,2019-09-02 10:08,21.6,0,10,0
941,2019-09-02 10:09,21.5,0,10,0
941,2019-09-02 10:10,21.5,0.5,10,0
941,2019-09-02 10:11,21.4,0,10,0
941,2019-09-02 10:12,21.3,0.5,10,0
941,2019-09-02 10:13,21.3,0,10,0
941,2019-09-02 10:14,21.3,0.5,10,0
941,2019-09-02 10:15,21.2,0.5,10,0
941,2019-09-02 10:16,21.3,0,10,0
941,2019-09-02 10:17,21.3,0,10,0
941,2019-09-02 10:18,21.4,0,10,0
941,2019-09-02 10:19,21.4,0,10,0
941,2019-09-02 10:20,21.5,0.5,10,0
941,2019-09-02 10:21,21.6,0,10,0
941,2019-09-02 10:22,21.6,0,10,0
941,2019-09-02 10:23,21.6,0,10,0
941,2019-09-02 10:24,21.6,0,10,0
941,2019-09-02 10:25,21.6,0,10,0
941,2019-09-02 10:26,21.6,0,10,0
941,2019-09-02 10:27,21.5,0,10,0
941,2019-09-02 10:28,21.5,0,10,0
941,2019-09-02 10:29,21.5,0,10,0
941,2019-09-02 10:30,21.5,0,10,0
941,2019-09-02 10:31,21.5,0,10,0
941,2019-09-02 10:32,21.5,0,10,0
941,2019-09-02 10:33,21.5,0.5,10,0
941,2019-09-02 10:34,21.4,0,10,0
941,2019-09-02 10:35,21.4,0,10,0
941,2019-09-02 10:36,21.4,0,10,0
941,2019-09-02 10:37,21.4,0,10,0
941,2019-09-02 10:38,21.4,0,10,0
941,2019-09-02 10:39,21.4,0,10,0
941,2019-09-02 10:40,21.4,0,10,0
941,2019-09-02 10:41,21.4,0,10,0
941,2019-09-02 10:42,21.4,0,10,0
941,2019-09-02 10:43,21.4,0,10,0
941,2019-09-02 10:44,21.3,0,10,0
941,2019-09-02 10:45,21.3,0,10,0
941,2019-09-02 10:46,21.4,0,10,0
941,2019-09-02 10:47,21.5,0.5,10,0
941,2019-09-02 10:48,21.4,0,10,0
941,2019-09-02 10:49,21.4,0,10,0
941,2019-09-02 10:50,21.5,0,10,0
941,2019-09-02 10:51,21.5,0.5,10,0
941,2019-09-02 10:52,21.3,0,10,0
941,2019-09-02 10:53,21.3,0,10,0
941,2019-09-02 10:54,21.2,0,10,0
941,2019-09-02 10:55,21.4,0,10,0
941,2019-09-02 10:56,21.4,0,10,0
941,2019-09-02 10:57,21.4,0.5,10,0
941,2019-09-02 10:58,21.3,0,10,0
941,2019-09-02 10:59,21.5,0,10,0
941,2019-09-02 11:00,21.5,0,10,0
941,2019-09-02 11:01,21.5,0,10,0
941,2019-09-02 11:02,21.5,0,10,0
941,2019-09-02 11:03,21.6,0,10,0
941,2019-09-02 11:04,21.5,0,10,0
941,2019-09-02 11:05,21.5,0,10,0
941,2019-09-02 11:06,21.5,0.5,10,0
941,2019-09-02 11:07,21.5,0,10,0
941,2019-09-02 11:08,21.5,0,10,0
941,2019-09-02 11:09,21.6,0,10,0
941,2019-09-02 11:10,21.5,0,10,0
941,2019-09-02 11:11,21.5,0,10,0
941,2019-09-02 11:12,21.6,0,10,0
941,2019-09-02 11:13,21.6,0,10,0
941,2019-09-02 11:14,21.6,0,10,0
941,2019-09-02 11:15,21.7,0,10,0
941,2019-09-02 11:16,21.7,0,10,0
941,2019-09-02 11:17,21.7,0,10,0
941,2019-09-02 11:18,21.7,0,10,0
941,2019-09-02 11:19,21.7,0,10,0
941,2019-09-02 11:20,21.7,0,10,0
941,2019-09-02 11:21,21.7,0,10,0
941,2019-09-02 11:22,21.7,0,10,0
941,2019-09-02 11:23,21.7,0,10,0
941,2019-09-02 11:24,21.8,0.5,10,0
941,2019-09-02 11:25,21.7,0,10,0
941,2019-09-02 11:26,21.7,0,10,0
941,2019-09-02 11:27,21.7,0,10,0
941,2019-09-02 11:28,21.7,0,10,0
941,2019-09-02 11:29,21.7,0,10,0
941,2019-09-02 11:30,21.7,0,10,0
941,2019-09-02 11:31,21.8,0,10,0
941,2019-09-02 11:32,21.8,0.5,10,0
941,2019-09-02 11:33,21.7,0,10,0
941,2019-09-02 11:34,21.7,0,10,0
941,2019-09-02 11:35,21.7,0,10,0
941,2019-09-02 11:36,21.8,0,10,0
941,2019-09-02 11:37,21.7,0,10,0
941,2019-09-02 11:38,21.6,0,10,0
941,2019-09-02 11:39,21.7,0,10,0
941,2019-09-02 11:40,21.7,0,10,0
941,2019-09-02 11:41,21.7,0,10,0
941,2019-09-02 11:42,21.8,0,10,0
941,2019-09-02 11:43,21.7,0,10,0
941,2019-09-02 11:44,21.7,0,10,0
941,2019-09-02 11:45,21.7,0,10,0
941,2019-09-02 11:46,21.7,0,10,0
941,2019-09-02 11:47,21.7,0,10,0
941,2019-09-02 11:48,21.7,0.5,10,0
941,2019-09-02 11:49,21.7,0,10,0
941,2019-09-02 11:50,21.7,0,10,0
941,2019-09-02 11:51,21.7,0,10,0
941,2019-09-02 11:52,21.7,0,10,0
941,2019-09-02 11:53,21.7,0,10,0
941,2019-09-02 11:54,21.6,0,10,0
941,2019-09-02 11:55,21.6,0.5,10,0
941,2019-09-02 11:56,21.6,0,10,0
941,2019-09-02 11:57,21.6,0,10,0
941,2019-09-02 11:58,21.5,0,10,0
941,2019-09-02 11:59,21.6,0,10,0
941,2019-09-02 12:00,21.5,0,10,0
941,2019-09-02 12:01,21.5,0,10,0
941,2019-09-02 12:02,21.5,0,10,0
941,2019-09-02 12:03,21.5,0.5,10,0
941,2019-09-02 12:04,21.5,0,10,0
941,2019-09-02 12:05,21.5,0,10,0
941,2019-09-02 12:06,21.5,0,10,0
941,2019-09-02 12:07,21.5,0,10,0
941,2019-09-02 12:08,21.5,0,10,0
941,2019-09-02 12:09,21.5,0.5,10,0
941,2019-09-02 12:10,21.5,0,10,0
941,2019-09-02 12:11,21.4,0,10,0
941,2019-09-02 12:12,21.3,0,10,0
941,2019-09-02 12:13,21.4,0,10,0
941,2019-09-02 12:14,21.4,0,10,0
941,2019-09-02 12:15,21.4,0,10,0
941,2019-09-02 12:16,21.4,0.5,10,0
941,2019-09-02 12:17,21.4,0,10,0
941,2019-09-02 12:18,21.4,0,10,0
941,2019-09-02 12:19,21.4,0,10,0
941,2019-09-02 12:20,21.4,0,10,0
941,2019-09-02 12:21,21.4,0,10,0
941,2019-09-02 12:22,21.5,0,10,0
941,2019-09-02 12:23,21.5,0,10,0
941,2019-09-02 12:24,21.6,0,10,0
941,2019-09-02 12:25,21.5,0,10,0
941,2019-09-02 12:26,21.6,0,10,0
941,2019-09-02 12:27,21.6,0,10,0
941,2019-09-02 12:28,21.6,0,10,0
941,2019-09-02 12:29,21.5,0,10,0
941,2019-09-02 12:30,21.6,0.5,10,0
941,2019-09-02 12:31,21.6,0,10,0
941,2019-09-02 12:32,21.6,0,10,0
941,2019-09-02 12:33,21.5,0,10,0
941,2019-09-02 12:34,21.5,0,10,0
941,2019-09-02 12:35,21.5,0,10,0
941,2019-09-02 12:36,21.6,0,10,0
941,2019-09-02 12:37,21.5,0,10,0
941,2019-09-02 12:38,21.5,0,10,0
941,2019-09-02 12:39,21.5,0,10,0
941,2019-09-02 12:40,21.5,0,10,0
941,2019-09-02 12:41,21.6,0,10,0
941,2019-09-02 12:42,21.6,0,10,0
941,2019-09-02 12:43,21.5,0,10,0
941,2019-09-02 12:44,21.6,0,10,0
941,2019-09-02 12:45,21.6,0,10,0
941,2019-09-02 12:46,21.7,0,10,0
941,2019-09-02 12:47,21.8,0,10,0
941,2019-09-02 12:48,21.8,0,10,0
941,2019-09-02 12:49,21.8,0,10,0
941,2019-09-02 12:50,21.8,0,10,0
941,2019-09-02 12:51,21.7,0,10,0
941,2019-09-02 12:52,21.7,0,10,0
941,2019-09-02 12:53,21.7,0,10,0
941,2019-09-02 12:54,21.7,0.5,10,0
941,2019-09-02 12:55,21.7,0,10,0
941,2019-09-02 12:56,21.7,0,10,0
941,2019-09-02 12:57,21.7,0,10,0
941,2019-09-02 12:58,21.7,0,10,0
941,2019-09-02 12:59,21.9,0,10,0
941,2019-09-02 13:00,21.8,0,10,0
941,2019-09-02 13:01,21.8,0,10,0
941,2019-09-02 13:02,21.8,0,10,0
941,2019-09-02 13:03,21.7,0,10,0
941,2019-09-02 13:04,21.8,0,10,0
941,2019-09-02 13:05,21.8,0,10,0
941,2019-09-02 13:06,21.9,0,10,0
941,2019-09-02 13:07,21.8,0,10,0
941,2019-09-02 13:08,21.9,0,10,0
941,2019-09-02 13:09,21.9,0,10,0
941,2019-09-02 13:10,21.8,0,0,0
941,2019-09-02 13:11,21.9,0,10,0
941,2019-09-02 13:12,21.8,0,10,0
941,2019-09-02 13:13,21.8,0,10,0
941,2019-09-02 13:14,21.9,0,10,0
941,2019-09-02 13:15,22,0,0,0
941,2019-09-02 13:16,21.8,0,10,0
941,2019-09-02 13:17,21.8,0,10,0
941,2019-09-02 13:18,21.9,0,0,0
941,2019-09-02 13:19,21.8,0,10,0
941,2019-09-02 13:20,21.9,0,0,0
941,2019-09-02 13:21,21.9,0,10,0
941,2019-09-02 13:22,21.9,0,10,0
941,2019-09-02 13:23,22,0,10,0
941,2019-09-02 13:24,22,0,10,0
941,2019-09-02 13:25,22,0.5,10,0
941,2019-09-02 13:26,22.1,0,10,0
941,2019-09-02 13:27,22.1,0,10,0
941,2019-09-02 13:28,22.2,0,10,0
941,2019-09-02 13:29,22.1,0,10,0
941,2019-09-02 13:30,22.1,0,10,0
941,2019-09-02 13:31,22,0,10,0
941,2019-09-02 13:32,22,0,10,0
941,2019-09-02 13:33,21.9,0,10,0
941,2019-09-02 13:34,21.9,0,10,0
941,2019-09-02 13:35,22,0,10,0
941,2019-09-02 13:36,22,0,10,0
941,2019-09-02 13:37,21.9,0,10,0
941,2019-09-02 13:38,21.9,0,10,0
941,2019-09-02 13:39,21.9,0,10,0
941,2019-09-02 13:40,21.9,0,10,0
941,2019-09-02 13:41,21.9,0,0,0
941,2019-09-02 13:42,21.9,0,0,0
941,2019-09-02 13:43,21.9,0,0,0
941,2019-09-02 13:44,21.9,0,0,0
941,2019-09-02 13:45,21.9,0,0,0
941,2019-09-02 13:46,22,0,0,0
941,2019-09-02 13:47,22,0,0,0
941,2019-09-02 13:48,22,0,0,0
941,2019-09-02 13:49,22.1,0,0,0
941,2019-09-02 13:50,22,0,0,0
941,2019-09-02 13:51,22,0,0,0
941,2019-09-02 13:52,22.1,0,0,0
941,2019-09-02 13:53,22.2,0,0,0
941,2019-09-02 13:54,22.2,0,0,0
941,2019-09-02 13:55,22.2,0,0,0
941,2019-09-02 13:56,22.2,0,0,0
941,2019-09-02 13:57,22.2,0,0,0
941,2019-09-02 13:58,22.2,0,0,0
941,2019-09-02 13:59,22.2,0,0,0
941,2019-09-02 14:00,22.2,0,0,0
941,2019-09-02 14:01,22.3,0,0,0
941,2019-09-02 14:02,22.4,0,0,0
941,2019-09-02 14:03,22.3,0,0,0
941,2019-09-02 14:04,22.3,0,0,0
941,2019-09-02 14:05,22.4,0,0,0
941,2019-09-02 14:06,22.4,0,0,0
941,2019-09-02 14:07,22.4,0,0,0
941,2019-09-02 14:08,22.3,0,0,0
941,2019-09-02 14:09,22.3,0,0,0
941,2019-09-02 14:10,22.3,0,0,0
941,2019-09-02 14:11,22.2,0,0,0
941,2019-09-02 14:12,22.2,0,0,0
941,2019-09-02 14:13,22.2,0,0,0
941,2019-09-02 14:14,22.2,0,0,0
941,2019-09-02 14:15,22,0,0,0
941,2019-09-02 14:16,22.1,0,0,0
941,2019-09-02 14:17,22.1,0,0,0
941,2019-09-02 14:18,22.1,0,0,0
941,2019-09-02 14:19,22.1,0,0,0
941,2019-09-02 14:20,22.1,0,0,0
941,2019-09-02 14:21,22.2,0,0,0
941,2019-09-02 14:22,22.2,0,0,0
941,2019-09-02 14:23,22.2,0,0,0
941,2019-09-02 14:24,22.2,0,0,0
941,2019-09-02 14:25,22.3,0,0,0
941,2019-09-02 14:26,22.3,0,0,0
941,2019-09-02 14:27,22.4,0,0,0
941,2019-09-02 14:28,22.3,0,0,0
941,2019-09-02 14:29,22.3,0,0,0
941,2019-09-02 14:30,22.2,0,0,0
941,2019-09-02 14:31,22.2,0,0,0
941,2019-09-02 14:32,22.2,0,0,0
941,2019-09-02 14:33,22.2,0,0,0
941,2019-09-02 14:34,22.2,0,0,0
941,2019-09-02 14:35,22.2,0,0,0
941,2019-09-02 14:36,22.3,0,0,0
941,2019-09-02 14:37,22.3,0,0,0
941,2019-09-02 14:38,22.3,0,0,0
941,2019-09-02 14:39,22.4,0,0,0
941,2019-09-02 14:40,22.4,0,0,0
941,2019-09-02 14:41,22.3,0,0,0
941,2019-09-02 14:42,22.3,0,0,0
941,2019-09-02 14:43,22.3,0,0,0
941,2019-09-02 14:44,22.4,0,0,0
941,2019-09-02 14:45,22.3,0,0,0
941,2019-09-02 14:46,22.3,0,0,0
941,2019-09-02 14:47,22.3,0,0,0
941,2019-09-02 14:48,22.3,0,0,0
941,2019-09-02 14:49,22.3,0,0,0
941,2019-09-02 14:50,22.3,0,0,0
941,2019-09-02 14:51,22.3,0,0,0
941,2019-09-02 14:52,22.2,0,0,0
941,2019-09-02 14:53,22.2,0,0,0
941,2019-09-02 14:54,22.2,0,0,0
941,2019-09-02 14:55,22.2,0,0,0
941,2019-09-02 14:56,22.2,0,0,0
941,2019-09-02 14:57,22.2,0,0,0
941,2019-09-02 14:58,22.2,0,0,0
941,2019-09-02 14:59,22.2,0.5,0,0
941,2019-09-02 15:00,22.2,0,10,0
941,2019-09-02 15:01,22.1,0,10,0
941,2019-09-02 15:02,22.2,0,10,0
941,2019-09-02 15:03,22.2,0,10,0
941,2019-09-02 15:04,22.2,0,10,0
941,2019-09-02 15:05,22.1,0,10,0
941,2019-09-02 15:06,22.2,0,10,0
941,2019-09-02 15:07,22.2,0,10,0
941,2019-09-02 15:08,22.2,0,10,0
941,2019-09-02 15:09,22.2,0,10,0
941,2019-09-02 15:10,22.1,0,10,0
941,2019-09-02 15:11,22.1,0,10,0
941,2019-09-02 15:12,22.2,0,10,0
941,2019-09-02 15:13,22.3,0,10,0
941,2019-09-02 15:14,22.3,0,10,0
941,2019-09-02 15:15,22.3,0,0,0
941,2019-09-02 15:16,22.3,0,0,0
941,2019-09-02 15:17,22.4,0,0,0
941,2019-09-02 15:18,22.3,0,0,0
941,2019-09-02 15:19,22.5,0,0,0
941,2019-09-02 15:20,22.4,0,0,0
941,2019-09-02 15:21,22.4,0,0,0
941,2019-09-02 15:22,22.4,0,0,0
941,2019-09-02 15:23,22.4,0,0,0
941,2019-09-02 15:24,22.4,0,0,0
941,2019-09-02 15:25,22.5,0,0,0
941,2019-09-02 15:26,22.5,0,0,0
941,2019-09-02 15:27,22.5,0,0,0
941,2019-09-02 15:28,22.5,0,0,0
941,2019-09-02 15:29,22.5,0,0,0
941,2019-09-02 15:30,22.5,0,0,0
941,2019-09-02 15:31,22.5,0,0,0
941,2019-09-02 15:32,22.6,0,0,0
941,2019-09-02 15:33,22.6,0,0,0
941,2019-09-02 15:34,22.6,0,0,0
941,2019-09-02 15:35,22.7,0,0,0
941,2019-09-02 15:36,22.7,0,0,0
941,2019-09-02 15:37,22.8,0,0,0
941,2019-09-02 15:38,22.9,0,0,0
941,2019-09-02 15:39,22.8,0,0,0
941,2019-09-02 15:40,22.8,0,0,0
941,2019-09-02 15:41,22.7,0,0,0
941,2019-09-02 15:42,22.7,0,0,0
941,2019-09-02 15:43,22.7,0,0,0
941,2019-09-02 15:44,22.8,0,0,0
941,2019-09-02 15:45,22.8,0,0,0
941,2019-09-02 15:46,22.8,0,0,0
941,2019-09-02 15:47,22.8,0,0,0
941,2019-09-02 15:48,22.8,0,0,0
941,2019-09-02 15:49,22.8,0,0,0
941,2019-09-02 15:50,22.9,0,0,0
941,2019-09-02 15:51,22.9,0,0,0
941,2019-09-02 15:52,23,0,0,0
941,2019-09-02 15:53,23,0,0,0
941,2019-09-02 15:54,23.1,0,0,0
941,2019-09-02 15:55,23,0,0,0
941,2019-09-02 15:56,23,0,0,0
941,2019-09-02 15:57,23.1,0,0,0
941,2019-09-02 15:58,23,0,0,0
941,2019-09-02 15:59,22.9,0,0,0
941,2019-09-02 16:00,22.9,0,0,0
941,2019-09-02 16:01,22.9,0,0,0
941,2019-09-02 16:02,22.9,0,0,0
941,2019-09-02 16:03,23,0,0,0
941,2019-09-02 16:04,22.9,0,0,0
941,2019-09-02 16:05,23,0,0,0
941,2019-09-02 16:06,23,0,0,0
941,2019-09-02 16:07,23.1,0,0,0
941,2019-09-02 16:08,23.1,0,0,0
941,2019-09-02 16:09,23.1,0,0,0
941,2019-09-02 16:10,23.1,0,0,0
941,2019-09-02 16:11,23.1,0,0,0
941,2019-09-02 16:12,23.2,0,0,0
941,2019-09-02 16:13,23.2,0,0,0
941,2019-09-02 16:14,23.1,0,0,0
941,2019-09-02 16:15,23.2,0,0,0
941,2019-09-02 16:16,23.3,0,0,0
941,2019-09-02 16:17,23.3,0,0,0
941,2019-09-02 16:18,23.3,0,0,0
941,2019-09-02 16:19,23.3,0,0,0
941,2019-09-02 16:20,23.3,0,0,0
941,2019-09-02 16:21,23.3,0,0,0
941,2019-09-02 16:22,23.2,0,0,0
941,2019-09-02 16:23,23.2,0,0,0
941,2019-09-02 16:24,23.2,0,0,0
941,2019-09-02 16:25,23.3,0,0,0
941,2019-09-02 16:26,23.2,0,0,0
941,2019-09-02 16:27,23.2,0,0,0
941,2019-09-02 16:28,23.1,0,0,0
941,2019-09-02 16:29,23.1,0,0,0
941,2019-09-02 16:30,23.1,0,0,0
941,2019-09-02 16:31,23.1,0,0,0
941,2019-09-02 16:32,23,0,0,0
941,2019-09-02 16:33,23.1,0,0,0
941,2019-09-02 16:34,23,0,0,0
941,2019-09-02 16:35,23,0,0,0
941,2019-09-02 16:36,23,0,0,0
941,2019-09-02 16:37,23,0,0,0
941,2019-09-02 16:38,23,0,0,0
941,2019-09-02 16:39,23,0,0,0
941,2019-09-02 16:40,23,0,0,0
941,2019-09-02 16:41,23,0,0,0
941,2019-09-02 16:42,23,0,0,0
941,2019-09-02 16:43,23,0,0,0
941,2019-09-02 16:44,22.9,0,0,0
941,2019-09-02 16:45,22.9,0,0,0
941,2019-09-02 16:46,23,0,0,0
941,2019-09-02 16:47,23,0,0,0
941,2019-09-02 16:48,23,0,0,0
941,2019-09-02 16:49,23,0,0,0
941,2019-09-02 16:50,22.9,0,0,0
941,2019-09-02 16:51,22.9,0,0,0
941,2019-09-02 16:52,22.9,0,0,0
941,2019-09-02 16:53,22.9,0,0,0
941,2019-09-02 16:54,22.9,0,0,0
941,2019-09-02 16:55,22.9,0,0,0
941,2019-09-02 16:56,22.9,0,0,0
941,2019-09-02 16:57,22.9,0,0,0
941,2019-09-02 16:58,22.9,0,0,0
941,2019-09-02 16:59,22.9,0,0,0
941,2019-09-02 17:00,22.9,0,0,0
941,2019-09-02 17:01,22.9,0,0,0
941,2019-09-02 17:02,22.9,0,0,0
941,2019-09-02 17:03,22.9,0,0,0
941,2019-09-02 17:04,22.9,0,0,0
941,2019-09-02 17:05,22.9,0,0,0
941,2019-09-02 17:06,22.9,0,0,0
941,2019-09-02 17:07,22.9,0,0,0
941,2019-09-02 17:08,22.9,0,0,0
941,2019-09-02 17:09,22.8,0,0,0
941,2019-09-02 17:10,22.8,0,0,0
941,2019-09-02 17:11,22.8,0,0,0
941,2019-09-02 17:12,22.8,0,0,0
941,2019-09-02 17:13,22.8,0,0,0
941,2019-09-02 17:14,22.8,0,0,0
941,2019-09-02 17:15,22.8,0,0,0
941,2019-09-02 17:16,22.8,0,0,0
941,2019-09-02 17:17,22.8,0,0,0
941,2019-09-02 17:18,22.8,0,0,0
941,2019-09-02 17:19,22.8,0,0,0
941,2019-09-02 17:20,22.8,0,0,0
941,2019-09-02 17:21,22.8,0,0,0
941,2019-09-02 17:22,22.9,0,0,0
941,2019-09-02 17:23,22.9,0,0,0
941,2019-09-02 17:24,22.9,0,0,0
941,2019-09-02 17:25,22.9,0,0,0
941,2019-09-02 17:26,22.8,0,0,0
941,2019-09-02 17:27,22.9,0,0,0
941,2019-09-02 17:28,22.9,0,0,0
941,2019-09-02 17:29,22.9,0,0,0
941,2019-09-02 17:30,22.9,0,0,0
941,2019-09-02 17:31,22.9,0,0,0
941,2019-09-02 17:32,22.9,0,0,0
941,2019-09-02 17:33,22.9,0,0,0
941,2019-09-02 17:34,22.8,0,0,0
941,2019-09-02 17:35,22.8,0,0,0
941,2019-09-02 17:36,22.8,0,0,0
941,2019-09-02 17:37,22.8,0,0,0
941,2019-09-02 17:38,22.8,0,0,0
941,2019-09-02 17:39,22.8,0,0,0
941,2019-09-02 17:40,22.7,0,0,0
941,2019-09-02 17:41,22.7,0,0,0
941,2019-09-02 17:42,22.7,0,0,0
941,2019-09-02 17:43,22.7,0,0,0
941,2019-09-02 17:44,22.7,0,0,0
941,2019-09-02 17:45,22.7,0,0,0
941,2019-09-02 17:46,22.6,0,0,0
941,2019-09-02 17:47,22.7,0,0,0
941,2019-09-02 17:48,22.6,0,0,0
941,2019-09-02 17:49,22.7,0,0,0
941,2019-09-02 17:50,22.7,0,0,0
941,2019-09-02 17:51,22.6,0,0,0
941,2019-09-02 17:52,22.6,0,0,0
941,2019-09-02 17:53,22.6,0,0,0
941,2019-09-02 17:54,22.6,0,0,0
941,2019-09-02 17:55,22.6,0,0,0
941,2019-09-02 17:56,22.6,0,0,0
941,2019-09-02 17:57,22.6,0,0,0
941,2019-09-02 17:58,22.6,0,0,0
941,2019-09-02 17:59,22.6,0,0,0
941,2019-09-02 18:00,22.7,0,0,0
941,2019-09-02 18:01,22.7,0,0,0
941,2019-09-02 18:02,22.7,0,0,0
941,2019-09-02 18:03,22.7,0,0,0
941,2019-09-02 18:04,22.7,0,0,0
941,2019-09-02 18:05,22.6,0,0,0
941,2019-09-02 18:06,22.6,0,0,0
941,2019-09-02 18:07,22.6,0,0,0
941,2019-09-02 18:08,22.6,0,0,0
941,2019-09-02 18:09,22.6,0,0,0
941,2019-09-02 18:10,22.5,0,0,0
941,2019-09-02 18:11,22.5,0,0,0
941,2019-09-02 18:12,22.5,0,0,0
941,2019-09-02 18:13,22.5,0,0,0
941,2019-09-02 18:14,22.5,0,0,0
941,2019-09-02 18:15,22.5,0,0,0
941,2019-09-02 18:16,22.5,0,0,0
941,2019-09-02 18:17,22.5,0,0,0
941,2019-09-02 18:18,22.5,0,0,0
941,2019-09-02 18:19,22.5,0,0,0
941,2019-09-02 18:20,22.5,0,0,0
941,2019-09-02 18:21,22.5,0,0,0
941,2019-09-02 18:22,22.5,0,0,0
941,2019-09-02 18:23,22.4,0,0,0
941,2019-09-02 18:24,22.5,0,0,0
941,2019-09-02 18:25,22.5,0,0,0
941,2019-09-02 18:26,22.4,0,0,0
941,2019-09-02 18:27,22.5,0,0,0
941,2019-09-02 18:28,22.5,0,0,0
941,2019-09-02 18:29,22.5,0,0,0
941,2019-09-02 18:30,22.5,0,0,0
941,2019-09-02 18:31,22.5,0,0,0
941,2019-09-02 18:32,22.5,0,0,0
941,2019-09-02 18:33,22.5,0,0,0
941,2019-09-02 18:34,22.4,0,0,0
941,2019-09-02 18:35,22.4,0,0,0
941,2019-09-02 18:36,22.4,0,0,0
941,2019-09-02 18:37,22.4,0,0,0
941,2019-09-02 18:38,22.4,0,0,0
941,2019-09-02 18:39,22.5,0,0,0
941,2019-09-02 18:40,22.5,0,0,0
941,2019-09-02 18:41,22.5,0,0,0
941,2019-09-02 18:42,22.5,0,0,0
941,2019-09-02 18:43,22.5,0,0,0
941,2019-09-02 18:44,22.5,0,0,0
941,2019-09-02 18:45,22.5,0,0,0
941,2019-09-02 18:46,22.5,0,0,0
941,2019-09-02 18:47,22.5,0,0,0
941,2019-09-02 18:48,22.5,0,0,0
941,2019-09-02 18:49,22.5,0,0,0
941,2019-09-02 18:50,22.5,0,0,0
941,2019-09-02 18:51,22.5,0,0,0
941,2019-09-02 18:52,22.5,0,0,0
941,2019-09-02 18:53,22.5,0,0,0
941,2019-09-02 18:54,22.5,0,0,0
941,2019-09-02 18:55,22.5,0,0,0
941,2019-09-02 18:56,22.4,0,0,0
941,2019-09-02 18:57,22.4,0,0,0
941,2019-09-02 18:58,22.4,0,0,0
941,2019-09-02 18:59,22.4,0,0,0
941,2019-09-02 19:00,22.4,0,0,0
941,2019-09-02 19:01,22.4,0,0,0
941,2019-09-02 19:02,22.4,0,0,0
941,2019-09-02 19:03,22.3,0,0,0
941,2019-09-02 19:04,22.4,0,0,0
941,2019-09-02 19:05,22.4,0,0,0
941,2019-09-02 19:06,22.3,0,0,0
941,2019-09-02 19:07,22.3,0,0,0
941,2019-09-02 19:08,22.3,0,0,0
941,2019-09-02 19:09,22.3,0,0,0
941,2019-09-02 19:10,22.3,0,0,0
941,2019-09-02 19:11,22.3,0,0,0
941,2019-09-02 19:12,22.3,0,0,0
941,2019-09-02 19:13,22.3,0,0,0
941,2019-09-02 19:14,22.3,0,0,0
941,2019-09-02 19:15,22.3,0,0,0
941,2019-09-02 19:16,22.3,0,0,0
941,2019-09-02 19:17,22.2,0,0,0
941,2019-09-02 19:18,22.2,0,0,0
941,2019-09-02 19:19,22.2,0,0,0
941,2019-09-02 19:20,22.2,0,0,0
941,2019-09-02 19:21,22.2,0,0,0
941,2019-09-02 19:22,22.2,0,0,0
941,2019-09-02 19:23,22.2,0,0,0
941,2019-09-02 19:24,22.1,0,0,0
941,2019-09-02 19:25,22.1,0,0,0
941,2019-09-02 19:26,22.1,0,0,0
941,2019-09-02 19:27,22.3,0,10,0
941,2019-09-02 19:28,22.3,0,10,0
941,2019-09-02 19:29,22.3,0,10,0
941,2019-09-02 19:30,22,0,0,0
941,2019-09-02 19:31,22.1,0,0,0
941,2019-09-02 19:32,22.1,0,0,0
941,2019-09-02 19:33,22.2,0,10,0
941,2019-09-02 19:34,22.2,0,10,0
941,2019-09-02 19:35,22.2,0,10,0
941,2019-09-02 19:36,22.2,0,10,0
941,2019-09-02 19:37,22.2,0,10,0
941,2019-09-02 19:38,22.2,0,10,0
941,2019-09-02 19:39,22.2,0,10,0
941,2019-09-02 19:40,22.2,0,10,0
941,2019-09-02 19:41,22.2,0,10,0
941,2019-09-02 19:42,22.2,0,10,0
941,2019-09-02 19:43,22.2,0,10,0
941,2019-09-02 19:44,22.2,0,10,0
941,2019-09-02 19:45,22.1,0,10,0
941,2019-09-02 19:46,22.1,0.5,10,0
941,2019-09-02 19:47,22.1,0,10,0
941,2019-09-02 19:48,22.1,0,10,0
941,2019-09-02 19:49,22.1,0,10,0
941,2019-09-02 19:50,22.1,0,10,0
941,2019-09-02 19:51,22.1,0,10,0
941,2019-09-02 19:52,22,0,10,0
941,2019-09-02 19:53,22,0,10,0
941,2019-09-02 19:54,22,0,10,0
941,2019-09-02 19:55,22,0,10,0
941,2019-09-02 19:56,22,0,10,0
941,2019-09-02 19:57,22,0.5,10,0
941,2019-09-02 19:58,21.9,0,10,0
941,2019-09-02 19:59,21.9,0,10,0
941,2019-09-02 20:00,21.9,0,10,0
941,2019-09-02 20:01,21.9,0,10,0
941,2019-09-02 20:02,21.9,0,10,0
941,2019-09-02 20:03,21.9,0,10,0
941,2019-09-02 20:04,21.9,0,10,0
941,2019-09-02 20:05,21.9,0,10,0
941,2019-09-02 20:06,21.9,0,10,0
941,2019-09-02 20:07,21.9,0,10,0
941,2019-09-02 20:08,21.9,0,10,0
941,2019-09-02 20:09,21.9,0,10,0
941,2019-09-02 20:10,21.9,0,10,0
941,2019-09-02 20:11,21.9,0,10,0
941,2019-09-02 20:12,21.9,0,10,0
941,2019-09-02 20:13,21.8,0,10,0
941,2019-09-02 20:14,21.9,0,0,0
941,2019-09-02 20:15,21.9,0,10,0
941,2019-09-02 20:16,21.9,0,10,0
941,2019-09-02 20:17,21.9,0,10,0
941,2019-09-02 20:18,21.9,0,10,0
941,2019-09-02 20:19,22,0,10,0
941,2019-09-02 20:20,21.8,0,10,0
941,2019-09-02 20:21,21.8,0,0,0
941,2019-09-02 20:22,21.7,0,0,0
941,2019-09-02 20:23,21.7,0,0,0
941,2019-09-02 20:24,21.7,0,0,0
941,2019-09-02 20:25,21.8,0,0,0
941,2019-09-02 20:26,21.7,0,0,0
941,2019-09-02 20:27,21.7,0,0,0
941,2019-09-02 20:28,21.7,0,0,0
941,2019-09-02 20:29,21.7,0,0,0
941,2019-09-02 20:30,21.8,0,0,0
941,2019-09-02 20:31,21.8,0,0,0
941,2019-09-02 20:32,21.8,0,0,0
941,2019-09-02 20:33,21.8,0,0,0
941,2019-09-02 20:34,21.8,0,0,0
941,2019-09-02 20:35,21.8,0,0,0
941,2019-09-02 20:36,21.9,0,0,0
941,2019-09-02 20:37,22,0,10,0
941,2019-09-02 20:38,22,0,10,0
941,2019-09-02 20:39,22,0,10,0
941,2019-09-02 20:40,22,0,10,0
941,2019-09-02 20:41,22,0,10,0
941,2019-09-02 20:42,21.9,0,10,0
941,2019-09-02 20:43,21.8,0,0,0
941,2019-09-02 20:44,21.8,0,0,0
941,2019-09-02 20:45,21.8,0,0,0
941,2019-09-02 20:46,21.8,0,0,0
941,2019-09-02 20:47,21.8,0,0,0
941,2019-09-02 20:48,21.8,0,0,0
941,2019-09-02 20:49,21.8,0,0,0
941,2019-09-02 20:50,21.8,0,0,0
941,2019-09-02 20:51,21.8,0,0,0
941,2019-09-02 20:52,21.8,0,0,0
941,2019-09-02 20:53,21.7,0,0,0
941,2019-09-02 20:54,21.7,0,0,0
941,2019-09-02 20:55,21.8,0,0,0
941,2019-09-02 20:56,21.8,0,0,0
941,2019-09-02 20:57,21.8,0,0,0
941,2019-09-02 20:58,21.8,0,0,0
941,2019-09-02 20:59,21.8,0,0,0
941,2019-09-02 21:00,21.8,0,0,0
941,2019-09-02 21:01,21.8,0,0,0
941,2019-09-02 21:02,21.7,0,0,0
941,2019-09-02 21:03,21.7,0,0,0
941,2019-09-02 21:04,21.8,0,0,0
941,2019-09-02 21:05,21.7,0,0,0
941,2019-09-02 21:06,21.7,0,0,0
941,2019-09-02 21:07,21.7,0,0,0
941,2019-09-02 21:08,21.7,0,0,0
941,2019-09-02 21:09,21.7,0,0,0
941,2019-09-02 21:10,21.7,0,0,0
941,2019-09-02 21:11,21.7,0,0,0
941,2019-09-02 21:12,21.7,0,0,0
941,2019-09-02 21:13,21.8,0,0,0
941,2019-09-02 21:14,21.8,0,0,0
941,2019-09-02 21:15,21.8,0,0,0
941,2019-09-02 21:16,21.8,0,0,0
941,2019-09-02 21:17,21.8,0,0,0
941,2019-09-02 21:18,21.8,0,0,0
941,2019-09-02 21:19,21.8,0,0,0
941,2019-09-02 21:20,21.8,0,0,0
941,2019-09-02 21:21,21.8,0,0,0
941,2019-09-02 21:22,21.8,0,0,0
941,2019-09-02 21:23,21.8,0,0,0
941,2019-09-02 21:24,21.8,0,0,0
941,2019-09-02 21:25,21.8,0,0,0
941,2019-09-02 21:26,21.8,0,0,0
941,2019-09-02 21:27,21.8,0,0,0
941,2019-09-02 21:28,21.8,0,0,0
941,2019-09-02 21:29,21.9,0,0,0
941,2019-09-02 21:30,21.9,0,10,0
941,2019-09-02 21:31,22,0.5,10,0
941,2019-09-02 21:32,22,0,10,0
941,2019-09-02 21:33,22,0,10,0
941,2019-09-02 21:34,22,0,10,0
941,2019-09-02 21:35,22,0,10,0
941,2019-09-02 21:36,22,0,10,0
941,2019-09-02 21:37,22,0,10,0
941,2019-09-02 21:38,22,0,10,0
941,2019-09-02 21:39,22,0,10,0
941,2019-09-02 21:40,22,0.5,10,0
941,2019-09-02 21:41,22,0,10,0
941,2019-09-02 21:42,21.9,0,10,0
941,2019-09-02 21:43,21.9,0,10,0
941,2019-09-02 21:44,22,0,10,0
941,2019-09-02 21:45,22,0,10,0
941,2019-09-02 21:46,22,0,10,0
941,2019-09-02 21:47,22,0,10,0
941,2019-09-02 21:48,22,0,10,0
941,2019-09-02 21:49,21.9,0.5,10,0
941,2019-09-02 21:50,21.9,0,10,0
941,2019-09-02 21:51,21.9,0,10,0
941,2019-09-02 21:52,21.9,0,10,0
941,2019-09-02 21:53,21.9,0,10,0
941,2019-09-02 21:54,21.9,0,10,0
941,2019-09-02 21:55,21.9,0,10,0
941,2019-09-02 21:56,21.9,0,10,0
941,2019-09-02 21:57,21.9,0,10,0
941,2019-09-02 21:58,21.9,0,10,0
941,2019-09-02 21:59,21.9,0,10,0
941,2019-09-02 22:00,21.9,0,10,0
941,2019-09-02 22:01,21.9,0,10,0
941,2019-09-02 22:02,21.9,0,10,0
941,2019-09-02 22:03,21.9,0,10,0
941,2019-09-02 22:04,21.9,0,10,0
941,2019-09-02 22:05,21.9,0,10,0
941,2019-09-02 22:06,21.9,0,10,0
941,2019-09-02 22:07,21.7,0,0,0
941,2019-09-02 22:08,21.7,0,0,0
941,2019-09-02 22:09,21.7,0,0,0
941,2019-09-02 22:10,21.7,0,0,0
941,2019-09-02 22:11,21.7,0,0,0
941,2019-09-02 22:12,21.7,0,0,0
941,2019-09-02 22:13,21.7,0,0,0
941,2019-09-02 22:14,21.7,0,0,0
941,2019-09-02 22:15,21.7,0,0,0
941,2019-09-02 22:16,21.7,0,0,0
941,2019-09-02 22:17,21.7,0,0,0
941,2019-09-02 22:18,21.7,0,0,0
941,2019-09-02 22:19,21.7,0,0,0
941,2019-09-02 22:20,21.7,0,0,0
941,2019-09-02 22:21,21.7,0,0,0
941,2019-09-02 22:22,21.7,0,0,0
941,2019-09-02 22:23,21.7,0,0,0
941,2019-09-02 22:24,21.7,0,0,0
941,2019-09-02 22:25,21.7,0,0,0
941,2019-09-02 22:26,21.7,0,0,0
941,2019-09-02 22:27,21.7,0,0,0
941,2019-09-02 22:28,21.7,0,0,0
941,2019-09-02 22:29,21.7,0,0,0
941,2019-09-02 22:30,21.7,0,0,0
941,2019-09-02 22:31,21.7,0,0,0
941,2019-09-02 22:32,21.7,0,0,0
941,2019-09-02 22:33,21.7,0,0,0
941,2019-09-02 22:34,21.7,0,0,0
941,2019-09-02 22:35,21.7,0,0,0
941,2019-09-02 22:36,21.7,0,0,0
941,2019-09-02 22:37,21.7,0,0,0
941,2019-09-02 22:38,21.7,0,0,0
941,2019-09-02 22:39,21.7,0,0,0
941,2019-09-02 22:40,21.7,0,0,0
941,2019-09-02 22:45,21.7,0,0,0
941,2019-09-02 22:46,21.7,0,0,0
941,2019-09-02 22:47,21.7,0,0,0
941,2019-09-02 22:48,21.7,0,0,0
941,2019-09-02 22:49,21.7,0,0,0
941,2019-09-02 22:50,21.7,0,0,0
941,2019-09-02 22:51,21.7,0,0,0
941,2019-09-02 22:52,21.7,0,0,0
941,2019-09-02 22:53,21.7,0,0,0
941,2019-09-02 22:54,21.7,0,0,0
941,2019-09-02 22:55,21.7,0,0,0
941,2019-09-02 22:56,21.7,0,0,0
941,2019-09-02 22:57,21.7,0,0,0
941,2019-09-02 22:58,21.7,0,0,0
941,2019-09-02 22:59,21.8,0,0,0
941,2019-09-02 23:00,21.8,0,0,0
941,2019-09-02 23:01,21.7,0,0,0
941,2019-09-02 23:02,21.7,0,0,0
941,2019-09-02 23:03,21.7,0,0,0
941,2019-09-02 23:04,21.7,0,0,0
941,2019-09-02 23:05,21.8,0,0,0
941,2019-09-02 23:06,21.7,0,0,0
941,2019-09-02 23:07,21.8,0,0,0
941,2019-09-02 23:08,21.8,0,0,0
941,2019-09-02 23:09,21.8,0,0,0
941,2019-09-02 23:10,21.8,0,0,0
941,2019-09-02 23:13,21.8,0,0,0
941,2019-09-02 23:14,21.8,0,0,0
941,2019-09-02 23:15,21.8,0,0,0
941,2019-09-02 23:16,21.8,0,0,0
941,2019-09-02 23:17,21.8,0,0,0
941,2019-09-02 23:18,21.8,0,0,0
941,2019-09-02 23:19,21.8,0,0,0
941,2019-09-02 23:20,21.8,0,0,0
941,2019-09-02 23:21,21.8,0,0,0
941,2019-09-02 23:22,21.8,0,0,0
941,2019-09-02 23:23,21.8,0,0,0
941,2019-09-02 23:24,21.8,0,0,0
941,2019-09-02 23:25,21.8,0,0,0
941,2019-09-02 23:26,21.8,0,0,0
941,2019-09-02 23:27,21.8,0,0,0
941,2019-09-02 23:28,21.9,0,0,0
941,2019-09-02 23:29,21.9,0,0,0
941,2019-09-02 23:30,21.9,0,0,0
941,2019-09-02 23:31,21.8,0,0,0
941,2019-09-02 23:32,21.8,0,0,0
941,2019-09-02 23:33,21.8,0,0,0
941,2019-09-02 23:34,21.8,0,0,0
941,2019-09-02 23:35,21.8,0,0,0
941,2019-09-02 23:36,21.8,0,0,0
941,2019-09-02 23:37,21.8,0,0,0
941,2019-09-02 23:38,21.9,0,0,0
941,2019-09-02 23:39,21.9,0,0,0
941,2019-09-02 23:40,21.9,0,0,0
941,2019-09-02 23:41,21.8,0,0,0
941,2019-09-02 23:42,21.8,0,0,0
941,2019-09-02 23:43,21.8,0,0,0
941,2019-09-02 23:44,21.8,0,0,0
941,2019-09-02 23:45,21.8,0,0,0
941,2019-09-02 23:46,21.8,0,0,0
941,2019-09-02 23:47,21.8,0,0,0
941,2019-09-02 23:48,21.8,0,0,0
941,2019-09-02 23:49,21.8,0,0,0
941,2019-09-02 23:50,21.7,0,0,0
941,2019-09-02 23:51,21.7,0,0,0
941,2019-09-02 23:52,21.7,0,0,0
941,2019-09-02 23:53,21.7,0,0,0
941,2019-09-02 23:54,21.7,0,0,0
941,2019-09-02 23:55,21.7,0,0,0
941,2019-09-02 23:56,21.8,0,0,0
941,2019-09-02 23:57,21.8,0,0,0
941,2019-09-02 23:58,21.8,0,0,0